Annie,Old Female
Willie,MiddleAged Male
Mattie,Old Female
Ruby,Old Female
Ethel,Old Female
Lillie,Old Female
Ruth,Old Female
Bessie,Old Female
Elizabeth,Young Female
Emma,Young Female
Minnie,Old Female
Louise,Old Female
Bertha,Old Female
Hattie,Old Female
Gladys,Old Female
Carrie,Young Female
Fannie,Old Female
Martha,MiddleAged Female
Rosa,MiddleAged Female
Alice,Old Female
Lucille,Old Female
Jessie,Unknown
Sarah,Young Female
Margaret,MiddleAged Female
Pearl,Old Female
Marie,Old Female
Myrtle,Old Female
Rosie,MiddleAged Female
Lillian,Young Female
Clara,Old Female
Gertrude,Old Female
Nellie,Old Female
Ida,Old Female
Ella,Young Female
Eva,Young Female
Maggie,Young Female
Mildred,Old Female
Mamie,Old Female
Edna,Old Female
Lois,Old Female
Susie,MiddleAged Female
Katie,Young Female
Beatrice,Old Female
Evelyn,Young Female
Alma,Old Female
Lula,Old Female
Frances,Old Female
Irene,Old Female
Velma,Old Female
Viola,Old Female
Julia,Young Female
Essie,Old Female
Helen,Old Female
Lucy,Young Female
Lucile,Old Female
Anna,Young Female
Vera,Old Female
Laura,Young Female
Inez,Old Female
Thelma,Old Female
Eula,Old Female
Virginia,Old Female
Alberta,Old Female
Daisy,Young Female
Flora,Old Female
Cora,Young Female
Lena,Old Female
Josephine,Old Female
Grace,Young Female
Georgia,MiddleAged Female
Nancy,MiddleAged Female
Lizzie,Old Female
Pauline,Old Female
Sallie,Old Female
Johnnie,Unknown
Mae,Old Female
Bernice,Old Female
Dorothy,Old Female
Florence,Old Female
Ada,Old Female
Hazel,Old Female
Addie,Old Female
Rose,MiddleAged Female
Elsie,Old Female
Agnes,Old Female
Leola,Old Female
Estelle,Old Female
Effie,Old Female
Eunice,Old Female
Ola,Old Female
Ollie,Unknown
Ora,Old Female
Sadie,Young Female
Nora,Young Female
Ellen,MiddleAged Female
Esther,Old Female
Jennie,Old Female
Catherine,MiddleAged Female
Mabel,Old Female
Sara,Young Female
Katherine,Young Female
Mable,Old Female
Josie,Young Female
Rebecca,Young Female
Dora,Old Female
Lela,Old Female
Jewell,Old Female
Leona,Old Female
Nettie,Old Female
Jewel,Old Female
Lola,Young Female
Roberta,MiddleAged Female
Beulah,Old Female
Edith,Old Female
Geneva,Old Female
Janie,MiddleAged Female
Lorene,Old Female
Callie,Young Female
Etta,Old Female
Jimmie,MiddleAged Male
Pearlie,Old Female
Betty,Old Female
Flossie,Old Female
Ann,MiddleAged Female
Eliza,Young Female
Rachel,Young Female
Lessie,Old Female
Nell,Old Female
Era,Old Female
Gussie,Old Female
Ila,Old Female
Maude,Old Female
Della,Old Female
Stella,Young Female
Winnie,Old Female
Eddie,MiddleAged Male
Elnora,Old Female
Lottie,Old Female
Opal,Old Female
Vivian,Young Female
Estella,Old Female
Maudie,Old Female
Mittie,Old Female
Mollie,Young Female
Birdie,Old Female
Dollie,Old Female
Doris,Old Female
Juanita,Old Female
Kate,Young Female
Sally,MiddleAged Female
Amanda,Young Female
Cleo,Old Female
Hester,Old Female
Rena,MiddleAged Female
Allie,Young Female
Blanche,Old Female
Corine,Old Female
Estell,Old Female
Margie,MiddleAged Female
Bettie,Old Female
Bonnie,MiddleAged Female
Carolyn,MiddleAged Female
Eloise,Young Female
Irma,MiddleAged Female
Jean,MiddleAged Female
Tommie,Unknown
Adell,Old Female
Christine,MiddleAged Female
Claudie,Unknown
Cornelia,Old Female
Gracie,Young Female
Marguerite,Old Female
Millie,Young Female
Naomi,Young Female
Verna,Old Female
Wilma,Old Female
Earline,Old Female
Erma,Old Female
Henrietta,Old Female
Iva,Old Female
Jannie,MiddleAged Female
Kathleen,MiddleAged Female
Roxie,MiddleAged Female
Susan,MiddleAged Female
Anne,MiddleAged Female
Audrey,Young Female
Leila,Young Female
May,Old Female
Rosia,MiddleAged Female
Amelia,Young Female
Augusta,Old Female
Emmie,Young Female
Ina,Old Female
Lee,MiddleAged Male
Lila,Young Female
Lou,MiddleAged Female
Ophelia,Old Female
Rosetta,MiddleAged Female
Bertie,Old Female
Lora,MiddleAged Female
Lucinda,MiddleAged Female
Lydia,Young Female
Mozelle,Old Female
Myrtice,Old Female
Nina,Young Female
Tessie,Old Female
Billie,Old Female
Dessie,Old Female
Emily,Young Female
Iola,Old Female
Jane,MiddleAged Female
Kathryn,Young Female
Lilly,Young Female
Linnie,Old Female
Louella,Old Female
Mandy,Young Female
Marion,Unknown
Myrtis,Old Female
Nona,MiddleAged Female
Odessa,Old Female
Olive,Young Female
Pinkie,Old Female
Polly,MiddleAged Female
Queen,MiddleAged Female
Rubye,Old Female
Savannah,Young Female
Willa,Young Female
Amy,Young Female
Bama,Old Female
Charlotte,Young Female
Clarice,Old Female
Claudia,MiddleAged Female
Delia,MiddleAged Female
Dovie,Old Female
Ellie,Young Female
Evie,Young Female
Ira,MiddleAged Male
Lelia,Old Female
Luella,Old Female
Lyda,Old Female
Magnolia,Young Female
Marjorie,Old Female
Matilda,Young Female
Mozell,Old Female
Myra,MiddleAged Female
Myrtie,Old Female
Nannie,Old Female
Olivia,Young Female
Oma,Old Female
Ossie,Old Female
Vada,Young Female
Violet,Young Female
Virgie,Old Female
Abbie,Young Female
Cassie,Young Female
Clyde,Old Male
Connie,MiddleAged Female
Eleanor,Old Female
Elma,Old Female
Elva,Old Female
Ernestine,Old Female
Gertie,Old Female
Hannah,Young Female
Harriet,Old Female
Jeanette,MiddleAged Female
Lettie,Old Female
Melissa,Young Female
Ocie,Unknown
Patsy,MiddleAged Female
Peggy,MiddleAged Female
Queenie,Young Female
Rosalie,Old Female
Rubie,Old Female
Sue,MiddleAged Female
Adele,Old Female
Alpha,Old Female
Arrie,Old Female
Belle,Young Female
Charity,Young Female
Charlie,Young Male
Ester,MiddleAged Female
Frankie,Unknown
Goldie,Old Female
Hilda,Old Female
Icie,Old Female
Idell,Old Female
Lenora,MiddleAged Female
Letha,Old Female
Lily,Young Female
Lorena,Young Female
Ludie,Old Female
Lura,Old Female
Madge,Old Female
Maud,Old Female
Maxine,Old Female
Odell,Old Male
Patricia,MiddleAged Female
Reba,Old Female
Sophie,Young Female
Sybil,Old Female
Trudie,MiddleAged Female
Una,Old Female
Victoria,Young Female
Zelma,Old Female
Aline,Old Female
Allene,Old Female
Arlene,MiddleAged Female
Artie,Unknown
Barbara,MiddleAged Female
Bennie,MiddleAged Male
Camilla,Young Female
Ceola,Old Female
Corinne,Young Female
Dixie,MiddleAged Female
Dolly,Old Female
Easter,Old Female
Florine,Old Female
Francis,Old Male
Gennie,MiddleAged Female
Georgie,Old Female
Glennie,Old Female
Isabella,Young Female
Isabelle,Young Female
Lassie,Old Female
Liza,Young Female
Louisa,Young Female
Lue,Old Female
Macie,Young Female
Madie,Old Female
Mammie,Old Female
Melba,Old Female
Minerva,MiddleAged Female
Osie,Old Female
Pearline,Old Female
Ruthie,MiddleAged Female
Sylvia,MiddleAged Female
Theresa,MiddleAged Female
Vergie,Old Female
Vida,Young Female
Vinnie,MiddleAged Female
Zadie,Young Female
Zora,Young Female
Berta,Old Female
Blanch,Old Female
Caroline,Young Female
Cecil,Old Male
Charlsie,Old Female
Clemmie,Old Female
Corene,Old Female
Donnie,MiddleAged Male
Elvira,Old Female
Exie,Old Female
Faye,MiddleAged Female
Floy,Old Female
Genevieve,Old Female
Hettie,Old Female
Iona,Old Female
Ivey,Unknown
Johnie,Old Male
Jonnie,Unknown
Lera,Old Female
Leslie,Unknown
Lorraine,MiddleAged Female
Lovie,Old Female
Maurine,Old Female
Mazie,Old Female
Nan,MiddleAged Female
Nola,Young Female
Odie,Unknown
Pearly,Old Female
Prince,Young Male
Robbie,Unknown
Tressie,Old Female
Vernie,Unknown
Mary,MiddleAged Female
Audie,Unknown
Celia,MiddleAged Female
Bobbie,MiddleAged Female
Corrine,MiddleAged Female
Eugenia,Old Female
Geraldine,MiddleAged Female
Ethelyn,Old Female
Iris,Young Female
Mayme,Old Female
Bulah,Old Female
Julie,MiddleAged Female
Kattie,Old Female
Lennie,Old Female
Mariah,Young Female
Miriam,Old Female
Aileen,Young Female
Alta,Old Female
Arline,Old Female
Janet,MiddleAged Female
Marian,MiddleAged Female
Adelaide,Young Female
Adella,Old Female
Amie,Young Female
Anita,MiddleAged Female
Anniemae,Old Female
Bell,Old Female
Gertha,Old Female
Izola,Old Female
James,MiddleAged Male
Leatha,Old Female
Liddie,Old Female
Louie,MiddleAged Male
Love,Young Female
Luvenia,Old Female
Malinda,Young Female
Novella,Old Female
Rilla,Old Female
Rochelle,Young Female
Veola,Old Female
Verla,Old Female
Williemae,Old Female
Zola,Old Female
Avis,Old Female
Dannie,MiddleAged Male
Lona,Old Female
Lonie,Old Female
Claire,Young Female
Isabell,Young Female
Jeannette,MiddleAged Female
Madeline,Young Female
Norma,Old Female
Paralee,Old Female
Cecile,Old Female
Erie,Unknown
Gwendolyn,MiddleAged Female
Idella,Old Female
Joe,MiddleAged Male
Lilie,Old Female
Ozell,Unknown
Rosalee,Young Female
Versie,Old Female
Edwina,MiddleAged Female
Exa,Old Female
Fay,Old Female
Florene,Old Female
Fronie,Old Female
Hortense,Old Female
Jettie,Old Female
Lonnie,MiddleAged Male
Loraine,Old Female
Lorine,Old Female
Maria,Young Female
Mavis,Old Female
Ressie,Old Female
Rhoda,MiddleAged Female
Rossie,Old Female
Zula,Old Female
Alene,Old Female
Angeline,Old Female
Annette,MiddleAged Female
Burma,Old Female
Carol,MiddleAged Female
Chloe,Young Female
Christina,Young Female
Classie,MiddleAged Female
Claudine,MiddleAged Female
Corrie,Young Female
Cynthia,MiddleAged Female
Dolores,Old Female
Donna,MiddleAged Female
Dorthy,Old Female
Elmira,Old Female
Ima,Old Female
John,MiddleAged Male
Juliette,Young Female
Lilla,Old Female
Marcella,Old Female
Maybelle,Old Female
Merle,Unknown
Missouri,Old Female
Muriel,Old Female
Nadine,MiddleAged Female
Octavia,Young Female
Omie,Old Female
Regina,MiddleAged Female
Robert,MiddleAged Male
Shirley,MiddleAged Female
Sudie,Old Female
Valeria,Young Female
Vallie,Old Female
Vassie,Old Female
Vicie,Old Female
Zeola,Old Female
Buna,Old Female
Creola,Old Female
Linda,MiddleAged Female
Mallie,Old Female
Nelle,Old Female
Erin,Young Female
Isabel,Young Female
Ivy,Young Female
Sammie,MiddleAged Male
Adeline,Young Female
Adelle,Young Female
Ava,Young Female
Dorsey,MiddleAged Male
Elaine,MiddleAged Female
Elisabeth,Young Female
Henretta,Old Female
Imogene,Old Female
Joyce,MiddleAged Female
June,Old Female
Mellie,Old Female
Oleta,Old Female
Rita,MiddleAged Female
Selma,Old Female
Vennie,Old Female
Verda,Old Female
Vernice,Old Female
Virgia,Old Female
Annice,MiddleAged Female
Earlean,MiddleAged Female
Freda,Old Female
George,MiddleAged Male
Harriette,Old Female
Ione,Old Female
Irean,Unknown
Louvenia,MiddleAged Female
Pansy,Old Female
Rosemary,MiddleAged Female
Sophia,Young Female
Tempie,Old Female
Verdie,Old Female
Verlie,Old Female
Versa,Old Female
Voncile,MiddleAged Female
Winifred,Old Female
Earnestine,MiddleAged Female
Lurline,Old Female
Olean,Old Female
Annabelle,Young Female
Earlene,MiddleAged Female
Elvie,Old Female
Erlene,Old Female
Katheryn,Young Female
Loretta,MiddleAged Female
Olga,Old Female
Cumi,Old Female
Eileen,MiddleAged Female
Euna,Old Female
Freddie,MiddleAged Male
Inell,Old Female
Laverne,Old Female
Luciel,Old Female
Luna,Young Female
Margarette,Old Female
Marietta,MiddleAged Female
Vesta,Old Female
Alva,Unknown
Avie,Young Female
Charles,MiddleAged Male
Elinor,Old Female
Elise,Young Female
Elouise,Old Female
Emmer,Old Female
Evangeline,Young Female
Jeanne,MiddleAged Female
Lacy,Young Female
Olar,Unknown
Ouida,Old Female
Velva,Old Female
Wilmer,Old Male
Zella,Old Female
Annis,Old Female
Arlean,MiddleAged Female
Beaulah,Old Female
Cathrine,MiddleAged Female
Clora,Old Female
Dellie,Unknown
Delma,Old Female
Equilla,Unknown
Erline,Old Female
Ether,Old Female
Ettie,Old Female
Everlena,Old Female
Fanny,Old Female
Harriett,Old Female
Hellen,Old Female
Henry,Young Male
Jaunita,Old Female
Kathlyn,MiddleAged Female
Lavada,Old Female
Malissa,MiddleAged Female
Nella,Old Female
Neva,Old Female
Ozella,Old Female
Rowena,Old Female
Shellie,MiddleAged Female
Tennie,Old Female
Tillie,Old Female
Vela,Old Female
Vester,Old Male
Walter,Old Male
Willene,Old Female
Zelda,Young Female
Margret,Old Female
Altha,Old Female
Bethel,Old Female
Hassie,Old Female
Lexie,Young Female
Pernie,Old Female
Wilda,Old Female
Carmen,MiddleAged Female
Dona,MiddleAged Female
Jesse,Young Male
Arcola,Old Female
Arie,Unknown
Berniece,Old Female
Cordelia,Young Female
Delphia,Old Female
Gay,MiddleAged Female
Gene,MiddleAged Male
Idelle,Old Female
Jack,Young Male
Joan,MiddleAged Female
Magdalene,Old Female
Priscilla,Young Female
Tiny,Old Female
Trannie,Old Female
Trixie,Young Female
Vernell,MiddleAged Female
Wanda,MiddleAged Female
Willard,Old Male
Willia,Old Female
Alyce,Old Female
Ara,Unknown
Birtie,Old Female
Buena,Old Female
Cleola,Old Female
Dellar,Unknown
Dena,MiddleAged Female
Dicie,Old Female
Eldora,Old Female
Florida,Old Female
Genie,Young Female
Ilene,MiddleAged Female
Jacqueline,MiddleAged Female
Joanna,Young Female
Kathrine,Young Female
Leo,Young Male
Loyce,Old Female
Mertie,Old Female
Montez,Young Male
Pecola,Old Female
Pollie,Old Female
Retha,Old Female
Rosella,Old Female
Veda,Young Female
Vernon,Old Male
Virgil,Old Male
Winona,Old Female
Janice,MiddleAged Female
Molly,Young Female
Olene,Old Female
Judy,MiddleAged Female
Fern,Old Female
Kitty,MiddleAged Female
Maurice,Young Male
Phyllis,MiddleAged Female
Sweetie,Old Female
Almeda,Old Female
Althea,MiddleAged Female
Beverly,MiddleAged Female
Florrie,Old Female
Jo,MiddleAged Female
Maye,Old Female
Nobie,Old Female
Ona,Old Female
Rutha,Old Female
Sibyl,Old Female
Viva,Old Female
Audry,Old Female
Bobby,MiddleAged Male
Bula,Old Female
Christeen,Old Female
Cordie,Old Female
Elizebeth,Old Female
Ever,Young Male
Foye,Unknown
Jackie,Unknown
Margurite,Old Female
Maxie,Unknown
Nealie,Old Female
Orene,Old Female
Ozie,Old Female
Pluma,Old Female
Tula,Young Female
Vertie,Old Female
Wilhelmina,Old Female
Willodean,Old Female
Zera,Old Female
Alvis,Old Male
Angie,MiddleAged Female
Arlie,Old Male
Autie,Unknown
Bettye,MiddleAged Female
Buelah,Old Female
Cherry,MiddleAged Female
Constance,MiddleAged Female
Coy,Old Male
Dimple,Old Female
Dorcas,MiddleAged Female
Earlie,Unknown
Elois,MiddleAged Female
Eulalia,Old Female
Francies,Old Female
Gaynelle,Old Female
Gladis,Young Female
Harry,MiddleAged Male
Ines,Young Female
Jeffie,Old Female
Juliet,Young Female
Kittie,Old Female
Leta,Old Female
Littie,Unknown
Loy,Old Male
Lurlene,Old Female
Luverne,Unknown
Margarett,MiddleAged Female
Mennie,Old Female
Myrle,Old Female
Onie,Old Female
Theo,Young Male
Vernia,Old Female
William,MiddleAged Male
Winnifred,Old Female
Madgie,Old Female
Maebell,Old Female
Dorris,Old Female
Ezell,MiddleAged Male
Jamie,Young Female
Arlena,Old Female
Arvie,Unknown
Clayton,Young Male
Clois,Old Male
Lulu,Old Female
Maybell,Old Female
Tina,MiddleAged Female
Ardell,Unknown
Delores,MiddleAged Female
Edythe,Old Female
Emogene,Old Female
Jenny,Young Female
Rachael,Young Female
Zada,Young Female
Agatha,Old Female
Arnie,MiddleAged Male
Brooksie,Old Female
Elna,Old Female
Jeraldine,MiddleAged Female
Levis,Unknown
Luevenia,Old Female
Maebelle,Old Female
Maedell,Old Female
Mona,MiddleAged Female
Noma,Old Female
Ottie,Old Female
Pattie,MiddleAged Female
Sidney,Young Male
Syble,Old Female
Tinnie,Old Female
Valerie,MiddleAged Female
Verlon,Old Male
Theola,Old Female
Corean,Old Female
Arthur,MiddleAged Male
Celestine,MiddleAged Female
Gloria,MiddleAged Female
Margueritte,Old Female
Birda,Unknown
Blondell,MiddleAged Female
Cathryn,MiddleAged Female
Kay,MiddleAged Female
Lular,Old Female
Melvina,MiddleAged Female
Myrl,Old Female
Olevia,Old Female
Ardella,Old Female
Azzie,Old Female
Charline,Old Female
Climmie,Unknown
Conola,Unknown
Donie,Old Female
Drucilla,MiddleAged Female
Ennis,MiddleAged Male
Etha,Old Female
Foy,Old Male
Joy,MiddleAged Female
Lallie,Unknown
Lina,Young Female
Loree,MiddleAged Female
Maple,MiddleAged Female
Marilyn,MiddleAged Female
Mayola,Old Female
Ozelle,Old Female
Trudy,MiddleAged Female
Venice,Young Female
Vonceil,Old Female
Zettie,Old Female
Alline,Old Female
Elmer,Old Male
Charlene,MiddleAged Female
Elzie,Old Male
Hazle,Old Female
Maureen,MiddleAged Female
Verbie,Unknown
Birtha,Old Female
Helon,Old Female
Oda,Old Female
Vonnie,MiddleAged Female
Cecelia,MiddleAged Female
Hildred,Old Female
Lida,Old Female
Marylou,MiddleAged Female
Alean,Old Female
Carlean,MiddleAged Female
Christene,Old Female
Daisey,Young Female
Delphine,MiddleAged Female
Evlyn,Unknown
Gaynell,MiddleAged Female
Girlie,Old Female
Melva,Old Female
Oneida,Old Female
Pearlena,Old Female
Allean,Old Female
Arlina,Unknown
Burnice,Unknown
Carlie,Young Female
Charley,Young Male
Delora,MiddleAged Female
Eather,Old Female
Elease,Old Female
Ethyl,Old Female
Eudora,Old Female
Evelene,Old Female
Floyce,Old Female
Frieda,Old Female
Gearldine,MiddleAged Female
Girtha,Old Female
Hulda,Old Female
Izora,Old Female
Jerry,MiddleAged Male
Laurine,Old Female
Lella,Old Female
Leora,Old Female
Lovella,Unknown
Ova,Unknown
Pat,Unknown
Theda,Old Female
Westonia,Unknown
Woodie,Old Male
Dorothea,Old Female
Aggie,Old Female
Delois,MiddleAged Female
Aurelia,Young Female
Lavinia,Young Female
Yvonne,MiddleAged Female
Almeta,Old Female
Brownie,Old Female
Clementine,Young Female
Hilma,Old Female
Lossie,Old Female
Nila,Young Female
Phoebe,Young Female
Alvie,Old Male
Ammie,MiddleAged Female
Anice,Unknown
Arnell,Unknown
Audra,Young Female
Augustine,Young Male
Beryl,Old Female
Capitola,Old Female
Dera,Unknown
Dortha,Old Female
Elene,Old Female
Ethelene,Old Female
Ezelle,Unknown
Georgena,Unknown
Georgiana,MiddleAged Female
Irine,Old Female
Janette,MiddleAged Female
Jeanie,MiddleAged Female
Johnny,MiddleAged Male
Jossie,Old Female
Lorean,Old Female
Lucie,Young Female
Marget,Unknown
Mertice,Unknown
Orlean,Old Female
Rubbie,MiddleAged Female
Selena,Young Female
Verdell,MiddleAged Female
Vina,Old Female
Wynelle,Old Female
Hellon,Old Female
Dessa,Old Female
Justine,Young Female
Laurie,MiddleAged Female
Nita,MiddleAged Female
Willodene,Old Female
Alfreda,MiddleAged Female
Clifford,MiddleAged Male
Freida,MiddleAged Female
Lady,Old Female
Princess,Young Female
Chaney,Young Female
Clarine,Old Female
Dean,MiddleAged Male
Delilah,Young Female
Esta,Old Female
Francine,MiddleAged Female
Helene,MiddleAged Female
Lucretia,MiddleAged Female
Margrette,Old Female
Mozella,Old Female
Nelda,MiddleAged Female
Rosebud,Old Female
Sula,Old Female
Venie,Unknown
Verma,Old Female
Vona,Unknown
Hallie,Young Female
Maudine,Old Female
Ilean,Old Female
Jinnie,Unknown
Natalie,Young Female
Ovell,Unknown
Blanchie,Old Female
Eulean,Unknown
Kathryne,Young Female
Marveline,Unknown
Pearlean,Old Female
Wynell,Old Female
Adelia,Young Female
Dorotha,Old Female
Dura,Old Female
Eria,Unknown
Etter,Unknown
Fairy,Old Female
Lavern,Unknown
Lavonia,MiddleAged Female
Luetta,Old Female
Nelma,Old Female
Neoma,Old Female
Odelle,Old Female
Peggie,MiddleAged Female
Rheba,Old Female
Vermell,MiddleAged Female
Wenona,Old Female
Eris,Old Female
Eulene,Old Female
Levonia,Old Female
Evelyne,Old Female
Clary,Old Male
Jacquelyn,Young Female
Margrett,Old Female
Pearlene,MiddleAged Female
Vella,Old Female
Bess,Old Female
Bette,Old Female
Catharine,Old Female
Colleen,MiddleAged Female
Deloris,MiddleAged Female
Everlean,Old Female
Georgette,MiddleAged Female
Jeane,Old Female
Lelar,Old Female
Luecile,Unknown
Madelyn,Young Female
Marlene,MiddleAged Female
Marry,Old Female
Mazell,Unknown
Melinda,MiddleAged Female
Missie,Unknown
Nova,Young Female
Odean,Old Female
Roy,MiddleAged Male
Sydney,Young Female
Zenobia,Young Female
Otha,Old Male
Willow,Young Female
Glenda,MiddleAged Female
Willadean,Old Female
Verta,Old Female
Eura,Old Female
Joann,MiddleAged Female
Judith,MiddleAged Female
Patty,MiddleAged Female
Pennie,MiddleAged Female
Bernell,MiddleAged Male
Billy,MiddleAged Male
Carlene,MiddleAged Female
Floretta,Old Female
Hessie,Old Female
Janett,Young Female
Katharine,Young Female
Lealer,Unknown
Margene,MiddleAged Female
Margery,Old Female
Ovella,Unknown
Ruther,Old Female
Teresa,MiddleAged Female
Verner,Old Male
Onnie,Old Female
Cliffie,Unknown
Creasie,Unknown
Earleen,MiddleAged Female
Genell,Old Female
Ivory,Unknown
Larue,Old Female
Leanna,Young Female
Ardelia,Old Female
Bebe,Old Female
China,Young Female
Delene,MiddleAged Female
Dorthey,Old Female
Eartha,MiddleAged Female
Leatrice,Old Female
Murline,Unknown
Omega,Old Female
Paula,MiddleAged Female
Rosalyn,MiddleAged Female
Sible,Unknown
Simmie,MiddleAged Male
Vertis,Unknown
Betsy,MiddleAged Female
Cara,Young Female
Dot,Old Female
Baby,Unknown
Leah,Young Female
Will,Young Male
Arizona,Young Female
Charlena,Young Female
Clydie,Old Female
Dell,Unknown
Edward,MiddleAged Male
Jeannie,MiddleAged Female
Lovell,Young Male
Mickey,MiddleAged Male
Vonda,MiddleAged Female
Willine,Old Female
Wylodene,Unknown
Josiephine,Old Female
Audrie,Young Female
Doshie,Old Female
Joanne,MiddleAged Female
Olivette,Old Female
Onzell,Unknown
Voncille,Old Female
France,Old Female
Icy,Old Female
Theodora,MiddleAged Female
Willo,Old Female
Ailene,Young Female
Albertha,Old Female
Caldonia,Old Female
Carleen,MiddleAged Female
Cleopatra,Young Female
David,MiddleAged Male
Dottie,MiddleAged Female
Imagene,Old Female
Leoma,Old Female
Libby,Young Female
Marcia,MiddleAged Female
Melvin,MiddleAged Male
Meriam,Old Female
Nena,Young Female
Ruthey,Unknown
Sylvester,MiddleAged Male
Vonciel,Unknown
Ramona,MiddleAged Female
Bobbye,Old Female
Marianne,MiddleAged Female
Artelia,Old Female
Edwena,Unknown
Reta,MiddleAged Female
Avery,Unknown
Carline,Young Female
Joseph,Young Male
Marcelle,Old Female
Merlene,Old Female
Murdis,Unknown
Rae,MiddleAged Female
Ray,MiddleAged Male
Jeannine,MiddleAged Female
Vannie,Old Female
Madeleine,Young Female
Wylene,Old Female
Anner,Old Female
Junie,Old Female
Lurene,Old Female
Marzell,Old Female
Earl,Old Male
Myrna,Old Female
Aubrey,Young Female
Deborah,MiddleAged Female
Ellene,Old Female
Gail,MiddleAged Female
Junita,Old Female
Texanna,Unknown
Berneice,Old Female
Clair,Old Male
Claudette,MiddleAged Female
Dartha,Old Female
Reva,Old Female
Sandra,MiddleAged Female
Sherry,MiddleAged Female
Clarence,Old Male
Clovis,Old Male
Mitzi,MiddleAged Female
Roma,Old Female
Wylodean,Unknown
Arlee,Unknown
Carole,MiddleAged Female
Diana,MiddleAged Female
Dorothey,Old Female
Floyd,Old Male
Gayle,MiddleAged Female
Greta,Young Female
Imo,Old Female
Kathy,MiddleAged Female
Nedra,MiddleAged Female
Parthenia,Old Female
Richie,MiddleAged Male
Nira,Unknown
Janis,MiddleAged Female
Rheta,Old Female
Gwen,MiddleAged Female
Reather,Old Female
Sonya,MiddleAged Female
Cecilia,Young Female
Diane,MiddleAged Female
Floria,MiddleAged Female
Geraldean,Old Female
Lynn,MiddleAged Female
Sharlene,MiddleAged Female
Wilodean,Unknown
Sharon,MiddleAged Female
Saddie,Old Female
Angela,Young Female
Imogean,Old Female
Daphine,MiddleAged Female
Ozzie,Unknown
Albert,Old Male
Beth,MiddleAged Female
Debra,MiddleAged Female
Eugene,Old Male
Everline,Unknown
Janell,Young Female
Jill,MiddleAged Female
Jimmy,MiddleAged Male
Raynell,Unknown
Suzanne,MiddleAged Female
Toni,MiddleAged Female
Jan,Unknown
Jerrie,MiddleAged Female
Dale,MiddleAged Male
Johnnye,MiddleAged Female
Reola,Old Female
Benetta,Unknown
Doyce,Old Male
Barbra,MiddleAged Female
Ethelrine,Unknown
Franklin,Old Male
Ginger,MiddleAged Female
Murlene,Old Female
Samantha,Young Female
Sheila,MiddleAged Female
Shelby,Young Female
Shelba,Old Female
Darlene,MiddleAged Female
Marva,MiddleAged Female
Terry,MiddleAged Male
Frank,MiddleAged Male
Janelle,Young Female
Lauretta,Old Female
Annetta,MiddleAged Female
Becky,MiddleAged Female
Beverley,MiddleAged Female
Cammie,MiddleAged Female
Faith,Young Female
Gerry,Unknown
Karen,MiddleAged Female
Mackie,Unknown
Neta,MiddleAged Female
Lynda,MiddleAged Female
Shelva,Old Female
Billye,Old Female
Dianne,MiddleAged Female
Nannette,MiddleAged Female
Richard,MiddleAged Male
Zona,Old Female
Celeste,Young Female
Deanna,MiddleAged Female
Deloise,MiddleAged Female
Marsha,MiddleAged Female
Otis,MiddleAged Male
Sonja,MiddleAged Female
Sondra,MiddleAged Female
Shirlene,MiddleAged Female
Annell,MiddleAged Female
Bonita,MiddleAged Female
Daris,Unknown
Ernest,MiddleAged Male
Faynell,Unknown
Gayla,MiddleAged Female
Kaye,MiddleAged Female
Luberta,Old Female
Margia,Unknown
Marvelene,Unknown
Patti,MiddleAged Female
Penny,MiddleAged Female
Shelbie,Young Female
Vaudine,Unknown
Brenda,MiddleAged Female
Andrea,Young Female
Dawn,MiddleAged Female
Rosalind,MiddleAged Female
Belinda,MiddleAged Female
Cherrie,MiddleAged Female
Cornelius,Young Male
Fredia,MiddleAged Female
Glenna,MiddleAged Female
Sabra,Young Female
Saundra,MiddleAged Female
Wynona,Old Female
Zoe,Young Female
Katy,Young Female
Melanie,Young Female
Rhonda,MiddleAged Female
Antoinette,MiddleAged Female
Bobbi,Young Female
Carla,MiddleAged Female
Carroll,MiddleAged Male
Gerald,MiddleAged Male
Jayne,MiddleAged Female
Scarlett,Young Female
Audery,Unknown
Daphne,Young Female
Fayrene,Old Female
Gale,Unknown
Jennette,Young Female
Lisa,MiddleAged Female
Pamela,MiddleAged Female
Shannon,Young Female
Sherrie,MiddleAged Female
Sonia,Young Female
Glynda,MiddleAged Female
Jeanetta,MiddleAged Female
Lynette,MiddleAged Female
Patrica,MiddleAged Female
Portia,Young Female
Emilie,Young Female
Lana,MiddleAged Female
Loretha,MiddleAged Female
Ovetta,MiddleAged Female
Robin,MiddleAged Female
Samella,Old Female
Paulette,MiddleAged Female
Vicki,MiddleAged Female
Sharron,MiddleAged Female
Penelope,Young Female
Jessica,Young Female
Jolene,Young Female
Veronica,Young Female
Alicia,Young Female
Carolyne,MiddleAged Female
Cherie,MiddleAged Female
Cindy,MiddleAged Female
Costella,Unknown
Dinah,MiddleAged Female
Judie,MiddleAged Female
Lynne,MiddleAged Female
Samuel,Young Male
Alfredia,MiddleAged Female
Aretha,MiddleAged Female
Carlena,Young Female
Cheryl,MiddleAged Female
Dana,Young Female
Gaye,MiddleAged Female
Gearldean,Old Female
Glinda,MiddleAged Female
Jannette,Young Female
Mina,Young Female
Treva,MiddleAged Female
Cathy,MiddleAged Female
Vickie,MiddleAged Female
Shelia,MiddleAged Female
Aloma,Old Female
Marcell,Young Male
Sherron,MiddleAged Female
Bernadine,Old Female
Evon,MiddleAged Female
Michael,MiddleAged Male
Regenia,MiddleAged Female
Unknown,Unknown
Judi,MiddleAged Female
Nyoka,Old Female
Sandy,MiddleAged Female
Bernadette,MiddleAged Female
Dianna,MiddleAged Female
Jennifer,Young Female
Camille,Young Female
Phillis,MiddleAged Female
Stephanie,Young Female
Genevia,Old Female
Jacquline,MiddleAged Female
Jerri,MiddleAged Female
Renee,MiddleAged Female
Sherrell,Young Female
Susanne,MiddleAged Female
Thomas,MiddleAged Male
Thomasine,MiddleAged Female
Diann,MiddleAged Female
Sheryl,MiddleAged Female
Vicky,MiddleAged Female
Dian,MiddleAged Female
Vickey,MiddleAged Female
Doretha,MiddleAged Female
Gary,MiddleAged Male
Loise,Old Female
Lyndia,MiddleAged Female
Sheron,MiddleAged Female
Yvette,MiddleAged Female
Katrina,Young Female
Yolanda,MiddleAged Female
Carrol,Unknown
Pam,MiddleAged Female
Gilda,MiddleAged Female
Candace,Young Female
Cheri,MiddleAged Female
Delorise,MiddleAged Female
Meredith,Young Female
Merry,MiddleAged Female
Michele,MiddleAged Female
Roslyn,MiddleAged Female
Sharyn,MiddleAged Female
Sherri,MiddleAged Female
Suzan,MiddleAged Female
Camellia,Young Female
Cassandra,Young Female
Hope,Young Female
Ingrid,Young Female
Jacqulyn,Young Female
Leigh,Young Female
Merilyn,MiddleAged Female
Sherrill,MiddleAged Female
Terri,MiddleAged Female
Tommye,MiddleAged Female
Trisha,Young Female
Denise,MiddleAged Female
Alexis,Young Female
Margo,MiddleAged Female
April,Young Female
Debbie,MiddleAged Female
Gretchen,Young Female
Gwenda,MiddleAged Female
Sherryl,MiddleAged Female
Carnell,MiddleAged Male
Cheryle,MiddleAged Female
Delories,MiddleAged Female
Eve,Young Female
Jacquelyne,Young Female
Melvia,Old Female
Robyn,MiddleAged Female
Romona,MiddleAged Female
Ronda,MiddleAged Female
Monica,Young Female
Pamelia,MiddleAged Female
Brinda,MiddleAged Female
Donnis,MiddleAged Female
Nikki,Young Female
Aletha,MiddleAged Female
Angelyn,Young Female
Chris,MiddleAged Male
Kathie,MiddleAged Female
Mickie,MiddleAged Female
Regena,MiddleAged Female
Ronnie,MiddleAged Male
Shelley,MiddleAged Female
Valencia,Young Female
Adrienne,Young Female
Angel,Unknown
Benita,MiddleAged Female
Holly,Young Female
Jenifer,Young Female
Joye,MiddleAged Female
Karon,Unknown
Kimberly,MiddleAged Female
Lanell,MiddleAged Female
Lauren,Young Female
Lawanda,MiddleAged Female
Suzette,MiddleAged Female
Carlotta,MiddleAged Female
Michelle,MiddleAged Female
Allison,Young Female
Velinda,MiddleAged Female
Angelia,MiddleAged Female
Cathie,MiddleAged Female
Clarissa,Young Female
Lizabeth,MiddleAged Female
Rebekah,Young Female
Arthurine,Unknown
Debby,MiddleAged Female
Janetta,MiddleAged Female
Jeanine,MiddleAged Female
Lindy,Young Female
Christy,Young Female
Debora,MiddleAged Female
Wendy,MiddleAged Female
Cherryl,MiddleAged Female
Crystal,Young Female
Reda,MiddleAged Female
Danna,Young Female
Deloria,Unknown
Kathey,MiddleAged Female
Marla,MiddleAged Female
Yolande,Old Female
Jacklyn,Young Female
Annye,Unknown
Belva,Old Female
Deborrah,MiddleAged Female
Dee,MiddleAged Female
Glory,Young Female
Joette,MiddleAged Female
Karla,Young Female
Ladonna,MiddleAged Female
Lea,Young Female
Melody,Young Female
Patrice,MiddleAged Female
Roxanne,MiddleAged Female
Saratha,Unknown
Silvia,Young Female
Shelly,MiddleAged Female
Cathleen,MiddleAged Female
Wonda,MiddleAged Female
Candice,Young Female
Charlette,MiddleAged Female
Jocelyn,Young Female
Retta,Old Female
Teresia,MiddleAged Female
Valarie,MiddleAged Female
Arlinda,MiddleAged Female
Delbra,MiddleAged Female
Jana,Young Female
Joycelyn,MiddleAged Female
Kerry,Unknown
Laurel,MiddleAged Female
Lavonne,Old Female
Melonie,MiddleAged Female
Rosanna,Young Female
Roxann,MiddleAged Female
Teri,MiddleAged Female
Terrie,MiddleAged Female
Bridget,Young Female
Vanessa,Young Female
Marilynn,MiddleAged Female
Jeri,MiddleAged Female
Venita,MiddleAged Female
Corliss,MiddleAged Female
Debroah,MiddleAged Female
Donald,MiddleAged Male
Landis,Young Male
Lutricia,MiddleAged Female
Tamara,MiddleAged Female
Blenda,MiddleAged Female
Candy,MiddleAged Female
Charolette,MiddleAged Female
Darline,MiddleAged Female
Fran,MiddleAged Female
Karol,Young Female
Kenneth,MiddleAged Male
Kim,MiddleAged Female
Marolyn,MiddleAged Female
Pricilla,Young Female
Sheri,MiddleAged Female
Synthia,Young Female
Tanya,Young Female
Starla,Young Female
Tracy,MiddleAged Female
Debrah,MiddleAged Female
Lolita,MiddleAged Female
Reita,Old Female
Teressa,MiddleAged Female
Tommy,MiddleAged Male
Alesia,MiddleAged Female
Arma,MiddleAged Female
Arnita,MiddleAged Female
Christie,MiddleAged Female
Denice,MiddleAged Female
Doretta,MiddleAged Female
Felecia,MiddleAged Female
Felicia,Young Female
Johnetta,MiddleAged Female
Joni,MiddleAged Female
Luann,MiddleAged Female
Luanne,MiddleAged Female
Madonna,MiddleAged Female
Maxcine,MiddleAged Female
Rene,Unknown
Robbin,MiddleAged Female
Lori,MiddleAged Female
Sheree,MiddleAged Female
Bernita,MiddleAged Female
Joanie,Young Female
Tonya,MiddleAged Female
Brunetta,Unknown
Donita,MiddleAged Female
Kathi,MiddleAged Female
Kelly,Young Female
Kyle,Young Male
Vernita,MiddleAged Female
Alison,Young Female
Charleen,MiddleAged Female
Cinda,MiddleAged Female
Corlis,MiddleAged Female
Delinda,MiddleAged Female
Heather,Young Female
Jamelle,Young Male
Miranda,Young Female
Tara,Young Female
Valinda,MiddleAged Female
Vannessa,Young Female
Gina,MiddleAged Female
Sabrina,Young Female
Cathey,MiddleAged Female
Darla,MiddleAged Female
Renita,MiddleAged Female
Sheilah,MiddleAged Female
Danita,MiddleAged Female
Merita,MiddleAged Female
Tonia,MiddleAged Female
Alecia,Young Female
Dina,MiddleAged Female
Sheliah,MiddleAged Female
Vanassa,Unknown
Arnetta,MiddleAged Female
Bethany,Young Female
Cheryll,MiddleAged Female
Janna,Young Female
Lanita,MiddleAged Female
Larry,MiddleAged Male
Leanne,Young Female
Lesa,MiddleAged Female
Malia,Young Female
Nanci,MiddleAged Female
Randy,MiddleAged Male
Ronald,MiddleAged Male
Twyla,MiddleAged Female
Valorie,MiddleAged Female
Vikki,MiddleAged Female
Leesa,MiddleAged Female
Desiree,Young Female
Doreen,MiddleAged Female
Teena,MiddleAged Female
Alisa,MiddleAged Female
Autherine,Unknown
Karan,Unknown
Shawn,MiddleAged Male
Chandra,MiddleAged Female
Deirdre,MiddleAged Female
Dennis,MiddleAged Male
Glynis,MiddleAged Female
Lorna,MiddleAged Female
Selina,Young Female
Tena,MiddleAged Female
Trina,MiddleAged Female
Vanda,MiddleAged Female
Brenetta,Unknown
Bridgett,MiddleAged Female
Charletta,Young Female
Danette,MiddleAged Female
Deana,MiddleAged Female
Debbra,MiddleAged Female
Delane,Unknown
Dorinda,MiddleAged Female
Jeana,MiddleAged Female
Jody,Unknown
Kristi,Young Female
Latanya,MiddleAged Female
Lawana,MiddleAged Female
Letitia,MiddleAged Female
Lyn,MiddleAged Female
Melisa,Young Female
Sharion,MiddleAged Female
Sherree,MiddleAged Female
Velda,Old Female
Tammy,MiddleAged Female
Tammie,MiddleAged Female
Evonne,MiddleAged Female
Leisa,MiddleAged Female
Glendora,MiddleAged Female
Nanette,MiddleAged Female
Stacy,Young Female
Caren,MiddleAged Female
Darleen,MiddleAged Female
Larita,MiddleAged Female
Lesia,MiddleAged Female
Tami,MiddleAged Female
Tracie,MiddleAged Female
Cherri,MiddleAged Female
Chiquita,Young Female
Cindi,MiddleAged Female
Pamala,MiddleAged Female
Abigail,Young Female
Christa,Young Female
Chrystal,Young Female
Curtis,MiddleAged Male
Darnell,Young Male
Deena,MiddleAged Female
Denese,MiddleAged Female
Drusilla,MiddleAged Female
Gwenevere,Young Female
Irish,MiddleAged Female
Jeanna,MiddleAged Female
Lovetta,Old Female
Marisa,Young Female
Pauletta,MiddleAged Female
Shari,MiddleAged Female
Traci,MiddleAged Female
Kelley,Young Female
Tamela,MiddleAged Female
Renae,MiddleAged Female
Kellie,MiddleAged Female
Sheena,Young Female
Andretta,Unknown
Heidi,Young Female
Tonie,MiddleAged Female
Tracey,MiddleAged Female
Bettina,Young Female
Elisa,Young Female
Karin,MiddleAged Female
Liz,MiddleAged Female
Micki,MiddleAged Female
Paige,Young Female
Stacey,MiddleAged Female
Tamra,MiddleAged Female
Bambi,MiddleAged Female
Bridgette,Young Female
Caron,MiddleAged Female
Dewanda,MiddleAged Female
Dorene,MiddleAged Female
Gena,MiddleAged Female
Gerri,MiddleAged Female
Jodi,MiddleAged Female
Kelli,Young Female
Kristina,Young Female
Lenita,MiddleAged Female
Roselyn,Young Female
Rosemarie,MiddleAged Female
Sherlene,Young Female
Suzy,MiddleAged Female
Tamera,MiddleAged Female
Therese,MiddleAged Female
Tricia,MiddleAged Female
Twila,MiddleAged Female
Wendolyn,MiddleAged Female
Lorrie,MiddleAged Female
Allyson,Young Female
Brigitte,MiddleAged Female
Arleen,MiddleAged Female
Christi,MiddleAged Female
Tawana,MiddleAged Female
Casandra,Young Female
Gigi,MiddleAged Female
Kimberley,MiddleAged Female
Lauri,MiddleAged Female
Thresa,MiddleAged Female
Jacquelin,Young Female
Remona,Old Female
Tamie,MiddleAged Female
Andra,Unknown
Coleen,MiddleAged Female
Debi,MiddleAged Female
Gretta,Young Female
Kendra,Young Female
Mechelle,MiddleAged Female
Renea,MiddleAged Female
Tammi,MiddleAged Female
Theresia,MiddleAged Female
Tressa,MiddleAged Female
Venessa,Young Female
Lisha,MiddleAged Female
Antionette,Young Female
Deidre,MiddleAged Female
Janine,MiddleAged Female
Lorie,MiddleAged Female
Lorri,MiddleAged Female
Abby,Young Female
Leann,Young Female
Leisha,MiddleAged Female
Lesha,MiddleAged Female
Phylis,MiddleAged Female
Treasa,MiddleAged Female
Anitra,MiddleAged Female
Ginny,MiddleAged Female
Kerri,MiddleAged Female
Lajuana,MiddleAged Female
Leshia,MiddleAged Female
Missy,MiddleAged Female
Vernessa,MiddleAged Female
Camelia,Young Female
Cassaundra,Young Female
Deedee,MiddleAged Female
Deidra,Young Female
Delisa,Young Female
Johanna,Young Female
Krista,Young Female
Lavonda,MiddleAged Female
Lecia,MiddleAged Female
Melodie,MiddleAged Female
Mimi,MiddleAged Female
Misty,Young Female
Monique,Young Female
Sebrena,MiddleAged Female
Sherre,MiddleAged Female
Terrye,MiddleAged Female
Trena,MiddleAged Female
Venetia,MiddleAged Female
Yolonda,MiddleAged Female
Ashley,Young Female
Loria,MiddleAged Female
Denita,MiddleAged Female
Genia,MiddleAged Female
Kristy,Young Female
Velvet,MiddleAged Female
Genice,MiddleAged Female
Leticia,Young Female
Tonja,MiddleAged Female
Trenia,Unknown
Tresa,MiddleAged Female
Johnna,MiddleAged Female
Marnita,MiddleAged Female
Melony,MiddleAged Female
Alethea,MiddleAged Female
Charlean,MiddleAged Female
Danielle,Young Female
Delaine,MiddleAged Female
Fonda,MiddleAged Female
Gregory,MiddleAged Male
Jami,Young Female
Jerolyn,Unknown
Kellye,Young Female
Latonia,MiddleAged Female
Lissa,Young Female
Merri,MiddleAged Female
Mindy,Young Female
Phyliss,MiddleAged Female
Ronna,MiddleAged Female
Sherita,Young Female
Shiela,MiddleAged Female
Suellen,MiddleAged Female
Tenna,MiddleAged Female
Theressa,MiddleAged Female
Ursula,MiddleAged Female
Yvetta,Unknown
Nicole,Young Female
Dedra,MiddleAged Female
Erica,Young Female
Amber,Young Female
Courtney,Young Female
Laquita,Young Female
Mellissa,Young Female
Tana,MiddleAged Female
Alisha,Young Female
Cyndi,MiddleAged Female
Meta,Old Female
Mikki,MiddleAged Female
Natasha,Young Female
Stephaine,Young Female
Tonda,MiddleAged Female
Zina,MiddleAged Female
Tiwanna,Unknown
Jonna,MiddleAged Female
Renetta,MiddleAged Female
Tanja,MiddleAged Female
Dara,Young Female
Darlean,MiddleAged Female
Jena,Young Female
Kristie,MiddleAged Female
Marquetta,Young Female
Shawna,Young Female
Twanda,MiddleAged Female
Alisia,Young Female
Damita,MiddleAged Female
Daniel,Young Male
Gidget,MiddleAged Female
Kristin,Young Female
Leonard,MiddleAged Male
Lesley,Young Female
Maranda,Young Female
Phaedra,MiddleAged Female
Roxanna,Young Female
Scarlet,Young Female
Tawanda,MiddleAged Female
Tawanna,MiddleAged Female
Terra,Young Female
Zena,Young Female
Deneen,MiddleAged Female
Kecia,MiddleAged Female
Djuana,MiddleAged Female
Kris,Unknown
Mia,Young Female
Michell,MiddleAged Female
Barbie,MiddleAged Female
Inger,MiddleAged Female
Djuna,Unknown
Kimberlee,MiddleAged Female
Tangela,MiddleAged Female
Whitney,Young Female
Angelina,Young Female
Deann,MiddleAged Female
Demetra,MiddleAged Female
Demetria,MiddleAged Female
Felisha,Young Female
Karyn,MiddleAged Female
Lawanna,MiddleAged Female
Marcy,MiddleAged Female
Mitzie,MiddleAged Female
Alana,Young Female
Anglia,MiddleAged Female
Deanne,MiddleAged Female
Deedra,MiddleAged Female
Diedra,MiddleAged Female
Diedre,MiddleAged Female
Drenda,Old Female
Hayley,Young Female
Johna,MiddleAged Female
Lasonya,MiddleAged Female
Mari,MiddleAged Female
Pandora,MiddleAged Female
Sarita,Young Female
Shana,Young Female
Sundra,MiddleAged Female
Terresa,MiddleAged Female
Zenovia,Unknown
Latonya,Young Female
Latrenda,MiddleAged Female
Jada,Young Female
Stefanie,Young Female
Kristen,Young Female
Krystal,Young Female
Staci,MiddleAged Female
Catrina,Young Female
Gala,Young Female
Kristine,MiddleAged Female
Latricia,Young Female
Shanda,MiddleAged Female
Charla,MiddleAged Female
Felisa,MiddleAged Female
Kala,Young Female
Kandy,MiddleAged Female
Kara,Young Female
Lita,MiddleAged Female
Tessa,Young Female
Twana,MiddleAged Female
Windy,MiddleAged Female
Aleta,MiddleAged Female
Anglea,MiddleAged Female
Aundrea,Young Female
Caryn,MiddleAged Female
Colette,Young Female
Dionne,MiddleAged Female
Fontella,MiddleAged Female
Kari,Young Female
Kelle,MiddleAged Female
Lara,MiddleAged Female
Samatha,Young Female
Shonda,MiddleAged Female
Stacie,MiddleAged Female
Tiffany,Young Female
Tonita,MiddleAged Female
Towanna,MiddleAged Female
Tabatha,Young Female
Tabitha,Young Female
Tamatha,MiddleAged Female
Erika,Young Female
Tia,Young Female
Sandi,MiddleAged Female
Rolanda,MiddleAged Female
Serena,Young Female
Tamala,MiddleAged Female
Sonji,MiddleAged Female
Adrianne,Young Female
Aimee,Young Female
Antonia,Young Female
Anthony,Young Male
Delana,Young Female
Demetrice,Unknown
Evette,MiddleAged Female
Katina,MiddleAged Female
Lurleen,Unknown
Malisa,MiddleAged Female
Marchelle,MiddleAged Female
Marshell,Old Male
Martina,Young Female
Rodney,MiddleAged Male
Rosita,MiddleAged Female
Shanon,MiddleAged Female
Timothy,MiddleAged Male
Wendi,MiddleAged Female
Cami,MiddleAged Female
Adrian,Young Male
Machelle,MiddleAged Female
Donya,MiddleAged Female
Edie,MiddleAged Female
Keisha,MiddleAged Female
Stacia,Young Female
Adriane,Young Female
Demetrius,Young Male
Fatima,Young Female
Kandi,Young Female
Kerrie,MiddleAged Female
Lashon,MiddleAged Female
Sabrena,MiddleAged Female
Sebrina,MiddleAged Female
Telisa,MiddleAged Female
Tereasa,MiddleAged Female
Coretta,MiddleAged Female
Tamiko,MiddleAged Female
Angelique,Young Female
Anissa,Young Female
Kayla,Young Female
Marlo,MiddleAged Female
Melissia,MiddleAged Female
Stephine,Young Female
Brandy,Young Female
Calandra,MiddleAged Female
Jodie,Young Female
Josette,MiddleAged Female
Millicent,Old Female
Youlanda,MiddleAged Female
Geri,MiddleAged Female
Julianne,Young Female
Keri,Young Female
Latisha,Young Female
Latonja,MiddleAged Female
Marnie,MiddleAged Female
Nichelle,MiddleAged Female
Patrick,Young Male
Shara,Young Female
Shauna,Young Female
Tomiko,MiddleAged Female
Casey,Unknown
Christal,Young Female
Christopher,Young Male
Cristal,Young Female
Karmen,Young Female
Kenya,Young Female
Lashawn,MiddleAged Female
Marty,MiddleAged Male
Sharla,MiddleAged Female
Tania,Young Female
Tera,Young Female
Tomeka,MiddleAged Female
Tony,MiddleAged Male
Tamika,Young Female
Brandi,Young Female
Ericka,Young Female
Larhonda,MiddleAged Female
Shanna,Young Female
Chelsea,Young Female
Tisha,MiddleAged Female
Towanda,MiddleAged Female
Nichole,Young Female
Tasha,Young Female
Tyra,Young Female
Adriene,MiddleAged Female
Cari,Young Female
Cristy,Young Female
Davina,Young Female
Hollie,Young Female
Kirsten,Young Female
Lanette,MiddleAged Female
Shea,Unknown
Shunda,MiddleAged Female
Zandra,MiddleAged Female
Carmella,Old Female
Charita,Young Female
Haley,Young Female
Katrice,Young Female
Lashelle,MiddleAged Female
Latrice,Young Female
Melaine,Young Female
Misti,Young Female
Rachelle,Young Female
Shani,Young Female
Yulanda,MiddleAged Female
Brooke,Young Female
Marcie,Young Female
Raquel,Young Female
Chanda,MiddleAged Female
Ami,MiddleAged Female
Christian,Young Male
Kimberely,MiddleAged Female
Holley,Young Female
Karrie,MiddleAged Female
Anjanette,MiddleAged Female
Holli,Young Female
India,Young Female
Kesha,MiddleAged Female
Lashun,MiddleAged Female
Leslee,MiddleAged Female
Tiffanie,Young Female
Andria,Young Female
Celena,Young Female
Kasey,Young Female
Keely,Young Female
Keshia,Young Female
Kristal,Young Female
Laronda,MiddleAged Female
Lasonja,MiddleAged Female
Mesha,Young Female
Shona,MiddleAged Female
Sonda,MiddleAged Female
Stephani,Young Female
Subrina,MiddleAged Female
Tameka,Young Female
Lashonda,Young Female
Candi,Young Female
Latasha,Young Female
Marci,MiddleAged Female
Buffy,MiddleAged Female
Tiffani,Young Female
Alissa,Young Female
Ashleigh,Young Female
Consuelo,MiddleAged Female
Steven,MiddleAged Male
Tarsha,MiddleAged Female
Venus,MiddleAged Female
Alanna,Young Female
Alexandra,Young Female
Audrea,Young Female
Darcy,MiddleAged Female
Lashunda,Young Female
Latoya,Young Female
Yulonda,MiddleAged Female
Adria,Young Female
Ashlee,Young Female
Ayanna,Young Female
Carie,MiddleAged Female
Chantel,Young Female
Consuela,MiddleAged Female
Cristina,Young Female
Devina,Young Female
Latrina,MiddleAged Female
Lenore,MiddleAged Female
Megan,Young Female
Petrina,MiddleAged Female
Racheal,Young Female
Shanta,Young Female
Shantel,Young Female
Sharonda,Young Female
Shayla,Young Female
Shonna,MiddleAged Female
Stephenie,Young Female
Sunny,Unknown
Tangi,MiddleAged Female
Tangie,MiddleAged Female
Trista,Young Female
Zaneta,Young Female
Catina,MiddleAged Female
Contina,MiddleAged Female
Nikita,Young Female
Kisha,MiddleAged Female
Cotina,MiddleAged Female
Felita,MiddleAged Female
Niki,Young Female
Tijuana,MiddleAged Female
Alycia,Young Female
Angelica,Young Female
Candie,Young Female
Chasity,MiddleAged Female
Deonna,Young Female
Jammie,Unknown
Katrena,MiddleAged Female
Lakecia,Young Female
Lakisha,Young Female
Lashanda,Young Female
Latunya,MiddleAged Female
Shasta,Young Female
Shaunda,Young Female
Tanisha,Young Female
Alyson,Young Female
Angella,MiddleAged Female
Autumn,Young Female
Brandee,Young Female
Carey,Unknown
Charmin,MiddleAged Female
Chastity,MiddleAged Female
Crissy,MiddleAged Female
Dayna,Young Female
Delicia,Young Female
Devona,MiddleAged Female
Inga,MiddleAged Female
Jaime,Unknown
Kimbley,MiddleAged Female
Lakeisha,Young Female
Larissa,Young Female
Latosha,Young Female
Natarsha,MiddleAged Female
Ronita,Unknown
Shawanda,Young Female
Tiffaney,Young Female
Brandie,Young Female
Contessa,Young Female
Lakesha,MiddleAged Female
Tomekia,MiddleAged Female
Felica,MiddleAged Female
Latarsha,MiddleAged Female
Hilary,Young Female
Kendall,Unknown
Lakeshia,Young Female
Shondra,MiddleAged Female
Tamekia,MiddleAged Female
Tracee,MiddleAged Female
Vonetta,MiddleAged Female
Alyssa,Young Female
Carmela,Old Female
Charmaine,MiddleAged Female
Danyell,Young Female
Lamonica,MiddleAged Female
Laquinta,Young Female
Lashondra,Young Female
Alesha,Young Female
Cameron,Young Male
Charissa,Young Female
Cicely,MiddleAged Female
Corey,Young Male
Cristi,MiddleAged Female
Elisha,Unknown
Kenyetta,Young Female
Kimberlyn,Young Female
Lashawnda,Young Female
Latashia,MiddleAged Female
Neely,Young Female
Patrina,MiddleAged Female
Salina,Young Female
Shalanda,MiddleAged Female
Shelli,MiddleAged Female
Tamica,MiddleAged Female
Tomika,MiddleAged Female
Nakia,MiddleAged Female
Mistie,MiddleAged Female
Tosha,Young Female
Carissa,Young Female
Temeka,MiddleAged Female
Lakeesha,MiddleAged Female
Nia,Young Female
Shalonda,MiddleAged Female
Toya,MiddleAged Female
Gabrielle,Young Female
Kenyatta,Unknown
Kira,Young Female
Luciana,Young Female
Shanita,Young Female
Shantell,Young Female
Carmelita,MiddleAged Female
Christel,MiddleAged Female
Dione,MiddleAged Female
Keesha,MiddleAged Female
Kerra,Unknown
Lacey,Young Female
Lakia,Young Female
Lakisa,Unknown
Lashandra,Young Female
Latesha,Young Female
Nakita,Young Female
Quintina,Young Female
Randi,Young Female
Shawana,MiddleAged Female
Sherida,MiddleAged Female
Sirena,Young Female
Tiffiney,MiddleAged Female
Tywanna,MiddleAged Female
Yashica,MiddleAged Female
Summer,Young Female
Jason,Young Male
Tori,Young Female
Layla,Young Female
Lindsay,Young Female
Nakisha,MiddleAged Female
Turkessa,Unknown
Tanika,Young Female
Ebony,Young Female
Lakesia,MiddleAged Female
Lindsey,Young Female
Candida,MiddleAged Female
Cristie,MiddleAged Female
Lakeysha,MiddleAged Female
Shameka,Young Female
Shamika,Young Female
Tamieka,Young Female
Taryn,Young Female
Dusty,Young Male
Mandi,Young Female
Takisha,MiddleAged Female
Takiyah,Young Female
Anika,Young Female
Brittney,Young Female
Christen,Young Female
Elena,Young Female
Elissa,Young Female
Jacinta,Young Female
Kacey,Young Female
Laconya,Unknown
Lakeitha,MiddleAged Female
Lakenya,Young Female
Lashundra,Young Female
Lasonia,MiddleAged Female
Meagan,Young Female
Pepper,Young Female
Rikki,Young Female
Shandra,Young Female
Susanna,Young Female
Tameika,MiddleAged Female
Tarnisha,MiddleAged Female
Timeka,Young Female
Farrah,Young Female
Latoria,Young Female
Tennille,MiddleAged Female
Kenisha,Young Female
Aisha,MiddleAged Female
Chaka,MiddleAged Female
Chasidy,Young Female
Shanika,Young Female
Ayana,Young Female
Cortney,Young Female
Dominique,Unknown
Latara,Young Female
Tamesha,Young Female
Tamisha,Young Female
Tanesha,Young Female
Tonisha,Young Female
Arnetra,Unknown
Brigette,MiddleAged Female
Cary,MiddleAged Male
Lachandra,MiddleAged Female
Laquanda,Young Female
Mendy,Unknown
Nadia,Young Female
Sasha,Young Female
Shakita,Young Female
Shenita,Young Female
Shequita,Young Female
Suzanna,Young Female
Tameko,MiddleAged Female
Terica,Young Female
Torrie,Young Female
Kizzy,MiddleAged Female
Jaclyn,Young Female
Kizzie,MiddleAged Female
Jamila,Young Female
Rashida,MiddleAged Female
Raven,Young Female
Briana,Young Female
Brittany,Young Female
Marquita,Young Female
Meghan,Young Female
Shemeka,Young Female
Tequila,Young Female
Ashlie,Young Female
Deandra,Young Female
Jillian,Young Female
Katara,Young Female
Kawana,MiddleAged Female
Latrisha,Young Female
Marlena,Young Female
Twanna,MiddleAged Female
Britney,Young Female
Cori,Young Female
Jayme,Young Female
Kaci,Young Female
Kamilah,Young Female
Lakiesha,MiddleAged Female
Lakita,Young Female
Monika,Young Female
Somer,Young Female
Sommer,MiddleAged Female
Bianca,Young Female
Carmon,Unknown
Laquisha,Young Female
Lashanna,MiddleAged Female
Marissa,Young Female
Nakesha,MiddleAged Female
Ryan,Young Male
Tywanda,MiddleAged Female
Blakely,Young Female
Carri,MiddleAged Female
Chante,Young Female
Deangela,Young Female
Demetris,Young Male
Francesca,Young Female
Fredericka,MiddleAged Female
Hillery,Unknown
Jenni,Young Female
Kasie,Young Female
Laquetta,Young Female
Latoyia,Young Female
Lekesha,MiddleAged Female
Marlana,MiddleAged Female
Melisha,Young Female
Salena,Young Female
Shala,Young Female
Shanell,Young Female
Shawnta,MiddleAged Female
Shewanda,Unknown
Shontae,Young Female
Takesha,Young Female
Temika,Young Female
Toi,MiddleAged Female
Trinity,Young Female
Chrissy,Young Female
Devin,Young Male
Kylie,Young Female
Hillary,Young Female
Lashaunda,Young Female
Nikia,Young Female
Latoshia,MiddleAged Female
Shavon,Young Female
Alexandria,Young Female
Jameka,Young Female
Krissy,MiddleAged Female
Davida,Young Female
Devon,Young Male
January,MiddleAged Female
Shanetta,Young Female
Shunta,MiddleAged Female
Devan,Young Male
Jenna,Young Female
Lashaundra,Young Female
Makesha,MiddleAged Female
Precious,Young Female
Reagan,Young Female
Tenisha,Young Female
Amiee,MiddleAged Female
Anastasia,Young Female
Bernetta,MiddleAged Female
Demetric,Young Male
Elaina,Young Female
Jasmine,Young Female
Kacy,Young Female
Kevin,MiddleAged Male
Kyla,Young Female
Lacie,Young Female
Lacresha,Young Female
Lashan,MiddleAged Female
Lashana,MiddleAged Female
Mellisa,Young Female
Nikisha,MiddleAged Female
Shaneka,Young Female
Sharita,Young Female
Shaunna,Young Female
Shaunte,MiddleAged Female
Talisha,Young Female
Taneka,Young Female
Tonika,MiddleAged Female
Tyesha,Young Female
Tyronda,MiddleAged Female
Winter,Young Female
Brianna,Young Female
Shavonne,Young Female
Shemika,Young Female
Sherika,Young Female
Shundra,MiddleAged Female
Alaina,Young Female
Eboni,Young Female
Renata,Young Female
Carly,Young Female
Kirstie,Young Female
Lyndsey,Young Female
Maegan,Young Female
Shamekia,Young Female
Shante,Young Female
Siobhan,Young Female
Aleisha,Young Female
Ashanti,Young Female
Brook,Young Female
Joshua,Young Male
Kanika,MiddleAged Female
Shaunta,MiddleAged Female
Shawanna,MiddleAged Female
Shemekia,MiddleAged Female
Athena,Young Female
Brandon,Young Male
Brianne,Young Female
Carisa,MiddleAged Female
Celina,Young Female
Destiny,Young Female
Jaimie,Young Female
Joi,Young Female
Jonie,MiddleAged Female
Kami,Young Female
Kamisha,Young Female
Kiley,Young Female
Laquitta,MiddleAged Female
Latonga,Unknown
Leia,Young Female
Natalia,Young Female
Qiana,MiddleAged Female
Shakira,Young Female
Shanavia,Young Female
Sharhonda,Young Female
Shaundra,Young Female
Shenika,Young Female
Shonta,MiddleAged Female
Syreeta,Young Female
Tajuana,MiddleAged Female
Tameca,MiddleAged Female
Yashika,Young Female
Renada,MiddleAged Female
Morgan,Young Female
Amberly,Young Female
Letisha,Young Female
Telisha,MiddleAged Female
Kandace,Young Female
Casie,Young Female
Lekeisha,MiddleAged Female
Tai,Unknown
Aleshia,Young Female
Lasandra,MiddleAged Female
Porsha,Young Female
Raegan,Young Female
Regan,Young Female
Star,Young Female
Ana,Young Female
Andi,Young Female
Blair,Unknown
Brandalyn,Young Female
Candis,Young Female
Jordan,Unknown
Katrinia,Unknown
Latresa,MiddleAged Female
Lekeshia,MiddleAged Female
Ragan,Young Female
Renota,Unknown
Shaletha,Unknown
Shavonda,Young Female
Shereka,MiddleAged Female
Taylor,Unknown
Toccara,Young Female
Christin,Young Female
Evita,Young Female
Krystle,Young Female
Martine,Young Female
Kristian,Young Male
Sheneka,Young Female
Lekisha,MiddleAged Female
Detra,MiddleAged Female
Latia,Young Female
Linsey,Young Female
Natosha,Young Female
Tenika,Young Female
Cielita,Unknown
Helena,Young Female
Jacques,Young Male
Kasi,Young Female
Kelsey,Young Female
Kia,Young Female
Kina,MiddleAged Female
Latishia,MiddleAged Female
Lyndsay,Young Female
Marcus,Young Male
Micah,Young Male
Nickie,Young Female
Reshonda,MiddleAged Female
Rhea,Young Female
Roshunda,Young Female
Shameeka,Young Female
Terrica,Young Female
Tiana,Young Female
Tierra,Young Female
Tiffiny,Young Female
Tyler,Young Male
Fallon,Young Female
Kassie,Young Female
Ariel,Young Female
Shena,Young Female
Chassidy,Young Female
Jade,Young Female
Kandice,Young Female
Kristan,Young Female
Maya,Young Female
Deandrea,Young Female
Jasmin,Young Female
Kimberli,MiddleAged Female
Maryann,MiddleAged Female
Aerial,Young Female
Apryl,Young Female
Cassey,Young Female
Cassidy,Young Female
Cristin,Young Female
Hailey,Young Female
Kacie,Young Female
Kanesha,Young Female
Keela,Young Female
Keturah,Young Female
Kyra,Young Female
Laci,Young Female
Lakresha,Unknown
Lashae,Young Female
Mindi,MiddleAged Female
Shae,Young Female
Shareka,Young Female
Shenna,Young Female
Simone,Young Female
Tameeka,Young Female
Tenesha,Young Female
Mallory,Young Female
Marquitta,Young Female
Jonathan,Young Male
Candance,Young Female
Shaquita,Young Female
Stevie,Unknown
Alishia,Young Female
Ashely,Young Female
Brooklyn,Young Female
Caitlin,Young Female
Ciji,Young Female
Eric,Young Male
Justin,Young Male
Kirby,Young Male
Meridith,MiddleAged Female
Aja,MiddleAged Female
Cyrstal,Young Female
Dwan,Unknown
Matthew,Young Male
Tiffney,Young Female
Anya,Young Female
Carletta,MiddleAged Female
Cigi,Unknown
Emilee,Young Female
Iesha,Young Female
Marguita,Young Female
Marquisha,Young Female
Meaghan,Young Female
Natashia,Young Female
Shandi,Young Female
Santana,Unknown
Breanna,Young Female
Britni,Young Female
Cherish,Young Female
Kaila,Young Female
Chassity,Young Female
Denisha,Young Female
Lakendra,Young Female
Teela,Young Female
Falon,Young Female
Jamese,Young Female
Kiana,Young Female
Kourtney,Young Female
Nakeisha,MiddleAged Female
Rhiannon,Young Female
Anisha,Young Female
Ashlea,Young Female
Ashly,Young Female
Brittani,Young Female
Chanel,Young Female
Echo,Young Female
Hanna,Young Female
Loren,MiddleAged Male
Magen,Young Female
Markita,Young Female
Miracle,Young Female
Savanna,Young Female
Shayna,Young Female
Tiesha,Young Female
Sierra,Young Female
Tiara,Young Female
Britany,Young Female
Ciara,Young Female
Domonique,Young Female
Magan,Young Female
Diandra,Young Female
Dominque,Unknown
Lateshia,Young Female
Lynsey,Young Female
Brenna,Young Female
Brittny,Young Female
Cierra,Young Female
Micaela,Young Female
Tasia,Young Female
Terasha,Unknown
Andrew,Young Male
Brittnay,Young Female
Candra,Young Female
Cody,Young Male
Ebonie,Young Female
Jerica,Young Female
Kandis,Young Female
Thomasina,MiddleAged Female
Abbey,Young Female
Ansley,Young Female
Asia,Young Female
Blaire,Young Female
Brittni,Young Female
Courtni,Young Female
Justina,Young Female
Kaley,Young Female
Keona,Young Female
Kori,Young Female
Lesli,Young Female
Mackenzie,Young Female
Madison,Young Female
Meghann,Young Female
Nicholas,Young Male
Sade,Young Female
Santanna,Young Female
Shantae,Young Female
Takeshia,Young Female
Taneshia,Young Female
Ashton,Young Male
Katelyn,Young Female
Kaitlin,Young Female
Malorie,Young Female
Whittney,Young Female
Bailey,Young Female
Kaylee,Young Female
Shaina,Young Female
Ebonee,Young Female
Tashia,Young Female
Ashlyn,Young Female
Brittaney,Young Female
Cayla,Young Female
Ciera,Young Female
Haleigh,Young Female
Phylicia,Young Female
Arielle,Young Female
Ashli,Young Female
Brett,Young Male
Brittnee,Young Female
Brittnie,Young Female
Chelsey,Young Female
Hali,Young Female
Japonica,Unknown
Jazmin,Young Female
Jeremy,Young Male
Kirstin,Young Female
Lacretia,MiddleAged Female
Paris,Young Female
Peyton,Unknown
Quinetta,Unknown
Sable,Young Female
Shanae,Young Female
Shaquitta,Unknown
Shardae,Young Female
Sharika,Young Female
Stefani,Young Female
Tabetha,Young Female
Taneisha,Young Female
Tristan,Young Male
Vanity,Young Female
Jerrica,Young Female
Janay,Young Female
Chelsie,Young Female
Jazmine,Young Female
Alena,Young Female
Alexia,Young Female
Amberley,Young Female
Brian,Young Male
Channing,Unknown
Gabriel,Young Male
Laporsha,Young Female
Mallorie,Young Female
Shiquita,Young Female
Tynesha,Young Female
Alexa,Young Female
Alysia,Young Female
Annah,Young Female
Blake,Young Male
Chaquita,Young Female
Cherelle,Young Female
Concetta,Old Female
Cristen,Young Female
Jessika,Young Female
Kyndal,Young Female
Laken,Young Female
Nyesha,Young Female
Racquel,Young Female
Renisha,Young Female
Tyeshia,Young Female
Shanice,Young Female
Jaleesa,Young Female
Jalisa,Young Female
Whitley,Young Female
Kaitlyn,Young Female
Caitlyn,Young Female
Cecily,Young Female
Jelisa,Young Female
Michaela,Young Female
Carley,Young Female
Jalessa,Young Female
Jalissa,Young Female
Janae,Young Female
Kimber,Young Female
Brittanie,Young Female
Britteny,Young Female
Carli,Young Female
Eden,Young Female
Halie,Young Female
Mercedes,Young Female
Sumer,Young Female
Taja,Young Female
Tempestt,Young Female
Aaron,Young Male
Asheley,Young Female
Ayla,Young Female
Benjamin,Young Male
Brittiany,Young Female
Camillia,Young Female
Codi,Unknown
Darnisha,Young Female
Frederica,MiddleAged Female
Jayla,Young Female
Katlyn,Young Female
Kayley,Young Female
Leighann,Young Female
Logan,Young Male
Mckenzie,Young Female
Meighan,Unknown
Porcha,Young Female
Porsche,Young Female
Rashunda,Unknown
Shameika,Young Female
Shanteria,Young Female
Sharnice,Young Female
Kiara,Young Female
Adriana,Young Female
Adrianna,Young Female
Kierra,Young Female
Sha,Young Female
Kiera,Young Female
Audriana,Young Female
Audrianna,Young Female
Tiera,Young Female
Britny,Young Female
Destin,Young Male
Martika,Young Female
Anjelica,Young Female
Britnee,Young Female
Kaleigh,Young Female
Kaylan,Young Female
Kelsi,Young Female
Asha,Young Female
Breana,Young Female
Chyna,Young Female
Karissa,Young Female
Kayleigh,Young Female
Kaylyn,Young Female
Keara,Young Female
Tyneshia,Young Female
Cherrelle,Young Female
Dakota,Young Male
Deondra,Young Female
Jameria,Young Female
Janessa,Young Female
Jasimine,Unknown
Kali,Young Female
Kati,Young Female
Kearia,Unknown
Kelsie,Young Female
Keonna,Young Female
Keyanna,Young Female
Kristyn,Young Female
Lakin,Young Female
Lauryn,Young Female
Lindley,Young Female
Marley,Young Female
Meghin,Unknown
Melita,Unknown
Porshia,Young Female
Shaniece,Young Female
Stormy,Young Female
Tatiana,Young Female
Shaniqua,Young Female
Macy,Young Female
Jasmyne,Young Female
Skylar,Young Female
Tempest,Young Female
Kaneesha,Young Female
Kanisha,Young Female
Ariana,Young Female
Riley,Unknown
Skye,Young Female
Audreanna,Young Female
Brea,Young Female
Kortney,Young Female
Latifah,Young Female
Mara,Young Female
Bre,Unknown
Coral,Young Female
Emerald,Young Female
Heaven,Young Female
Jerika,Young Female
Kamesha,Young Female
Kaneisha,Young Female
Kassandra,Young Female
Katelin,Young Female
Katelynn,Young Female
Madalyn,Young Female
Patience,Young Female
Ravin,Young Female
Shanequa,Young Female
Skyler,Unknown
Alyssia,Young Female
Annmarie,MiddleAged Female
Bethanie,Young Female
Darnesha,Young Female
Deja,Young Female
Destinie,Young Female
Hayden,Young Male
Jamaica,Young Female
Jesslyn,Young Female
Joslyn,Young Female
Juliana,Young Female
Julisa,Young Female
Kaitlynn,Young Female
Katlin,Young Female
Kaylin,Young Female
Keeley,Young Female
Kendal,Young Female
Kiarra,Young Female
Kiesha,MiddleAged Female
Kortni,Young Female
Mariana,Young Female
Marlee,Young Female
Meagen,Young Female
Randa,Young Female
Samone,Young Female
Susannah,Young Female
Symone,Young Female
Taira,Young Female
Talia,Young Female
Talisa,Young Female
Terrika,Young Female
Tess,Young Female
Tierney,Young Female
Tynisha,Young Female
Yasmine,Young Female
Ieshia,Young Female
Cheyenne,Young Female
Macey,Young Female
Kalyn,Young Female
Alexandrea,Young Female
Chantal,Young Female
Dallas,Young Male
Kaneshia,Young Female
Shanique,Young Female
Ali,Unknown
Demi,Young Female
Diamond,Young Female
Kelsea,Young Female
Miesha,Young Female
Niesha,Young Female
Sacoria,Unknown
Tiarra,Young Female
Arianna,Young Female
Camisha,MiddleAged Female
Cinnamon,Young Female
Destinee,Young Female
Harley,Unknown
Jalesa,Young Female
Jessalyn,Young Female
Johnita,Unknown
Leandra,Young Female
Maci,Young Female
Melia,Young Female
Payton,Unknown
Alex,Young Male
Ashia,Young Female
Cady,Young Female
Carson,Young Male
Ceara,Young Female
Chynna,Young Female
Clare,Young Female
Essence,Young Female
Haylee,Young Female
Jalicia,Young Female
Jamesha,Young Female
Jasmyn,Young Female
Jayna,Young Female
Jessi,Young Female
Jordyn,Young Female
Kalee,Young Female
Karley,Young Female
Karlie,Young Female
Kayle,Young Female
Kenesha,Young Female
Keondra,Young Female
Khadijah,Young Female
Krystin,Young Female
Kylee,Young Female
Laney,Young Female
Laticia,Young Female
Myranda,Young Female
Noelle,Young Female
Rashonda,Young Female
Shantoria,Young Female
Sharmaine,Young Female
Shelbi,Young Female
Torie,Young Female
Wyteria,Unknown
Bria,Young Female
Darian,Unknown
Alexus,Young Female
Chandler,Young Male
Keyonna,Young Female
Carlee,Young Female
Chelsi,Young Female
Chelsy,Young Female
Kailey,Young Female
Kaylie,Young Female
Makayla,Young Female
Moriah,Young Female
Presley,Young Female
Tianna,Young Female
Akeiba,Unknown
Briona,Young Female
Brionna,Young Female
Desirae,Young Female
Haylie,Young Female
Imani,Young Female
Jamika,Young Female
Julianna,Young Female
Keana,Young Female
Kianna,Young Female
Lacee,Young Female
Laquesha,Young Female
Shantavia,Young Female
Shawnee,Young Female
Tatyana,Young Female
Ashlynn,Young Female
Bailee,Young Female
Bree,Young Female
Cory,Young Male
Destiney,Young Female
Ebone,Young Female
Eryn,Young Female
Jacquese,Unknown
Jakayla,Young Female
Jazmyne,Young Female
Kaela,Young Female
Kalie,Young Female
Karah,Young Female
Karlee,Young Female
Karli,Young Female
Karly,Young Female
Keanna,Young Female
Kendria,Young Female
Makenzie,Young Female
Marina,Young Female
Nicolette,Young Female
Porche,Young Female
Shantrice,Young Female
Shaquana,Young Female
Shaquanda,Young Female
Sheniqua,Young Female
Tayler,Young Female
Tyeisha,Young Female
Tyisha,Young Female
Uniqua,Young Female
Hunter,Young Male
Kadijah,Young Female
Breonna,Young Female
Halle,Young Female
Jacey,Young Female
Keaira,Young Female
Tkeyah,Young Female
Alexander,Young Male
Breauna,Young Female
Jazzmine,Young Female
Kaylynn,Young Female
Kelci,Young Female
Mya,Young Female
Ambria,Young Female
Cheyanne,Young Female
Dylan,Young Male
Jasmaine,Young Female
Katarina,Young Female
Samaria,Young Female
Shekinah,Young Female
Treasure,Young Female
Baylee,Young Female
Breona,Young Female
Danyelle,Young Female
Delaney,Young Female
Destini,Young Female
Halley,Young Female
Jamesia,Young Female
Jamonica,Unknown
Jaquita,Young Female
Kadesha,Young Female
Karson,Young Male
Kaylen,Young Female
Kayli,Young Female
Keiara,Young Female
Kelcie,Young Female
Keosha,Young Female
Krysta,Young Female
Laportia,Young Female
Mikayla,Young Female
Reanna,Young Female
Savanah,Young Female
Shakayla,Young Female
Shakeria,Young Female
Shaquilla,Young Female
Shaquille,Young Male
Xavier,Young Male
Aaliyah,Young Female
Aliyah,Young Female
Justice,Unknown
Kennedy,Young Female
Kendyl,Young Female
Khadejah,Unknown
Lexus,Young Female
Zana,Young Female
Darby,Young Female
Kadejah,Young Female
Addison,Young Female
Halee,Young Female
Haven,Young Female
Kassidy,Young Female
Alexius,Young Female
Aspen,Young Female
Darrian,Young Male
Genesis,Young Female
Kailyn,Young Female
Alayna,Young Female
Catlin,Young Female
Hadley,Young Female
Kadeshia,Unknown
Kelcey,Young Female
Krysten,Young Female
Mckayla,Young Female
Montana,Young Female
Quanesha,Young Female
Shakera,Young Female
Tatum,Young Female
Alexzandria,Young Female
Alia,Young Female
Alliyah,Young Female
Auburn,Unknown
Carleigh,Young Female
Eboney,Young Female
Gabriella,Young Female
Hayleigh,Young Female
Jakeria,Young Female
Jameshia,Young Female
Jamey,MiddleAged Male
Kadedra,Young Female
Kadeejah,Unknown
Karleigh,Young Female
Kaycee,Young Female
Kaylon,Unknown
Kyndall,Young Female
London,Young Female
Meleah,Young Female
Quanisha,Young Female
Raina,Young Female
Shacoria,Young Female
Lyric,Young Female
Mckenna,Young Female
Kaelyn,Young Female
Myesha,Young Female
Shania,Young Female
Bryanna,Young Female
Gabriela,Young Female
Grayson,Young Male
Jamecia,Young Female
Kameron,Young Male
Lorin,Unknown
Miya,Young Female
Ashtyn,Young Female
Brooklynn,Young Female
Cassady,Young Female
Christan,Unknown
Jalisha,Young Female
Jaylyn,Young Female
Lexi,Young Female
Madyson,Young Female
Malaysia,Young Female
Malika,Young Female
Mikala,Young Female
Ricki,Unknown
Tearra,Young Female
Thalia,Young Female
Wynter,Young Female
Abbigail,Young Female
Aeriel,Young Female
Akira,Young Female
Austin,Young Male
Brennan,Young Male
Caitlynn,Young Female
Carlisha,Young Female
Chesley,Young Male
Conner,Young Male
Cydney,Young Female
Jalyn,Young Female
Jaquana,Young Female
Kadie,Young Female
Kallie,Young Female
Kenzie,Young Female
Keyana,Young Female
Maddison,Young Female
Madilyn,Young Female
Maiya,Young Female
Mikaela,Young Female
Zoey,Young Female
Moesha,Young Female
Tristen,Young Male
Jamia,Young Female
Keandra,Young Female
Tamia,Young Female
Dasia,Young Female
Sydnee,Young Female
Kailee,Young Female
Daisha,Young Female
Keyona,Young Female
Rayven,Young Female
Christiana,Young Female
Daijah,Young Female
Daja,Young Female
Esmeralda,Young Female
Jaida,Young Female
Keira,Young Female
Maia,Young Female
Makala,Young Female
Marianna,Young Female
Miyah,Young Female
Niya,Young Female
Savana,Young Female
Tristian,Young Male
Caylin,Young Female
Chelsee,Young Female
Dashia,Young Female
Deasia,Young Female
Elexis,Young Female
Guadalupe,Unknown
Hailee,Young Female
Jamiya,Young Female
Jordon,Young Male
Kambria,Young Female
Keundra,Unknown
Kiersten,Young Female
Kinsey,Young Female
Markia,Young Female
Moeshia,Unknown
Monisha,Young Female
Piper,Young Female
Takia,Young Female
Tameshia,Young Female
Tatyanna,Young Female
Tykeria,Young Female
Xena,Young Female
Yasmin,Young Female
Zaria,Young Female
Katlynn,Young Female
Erykah,Young Female
Rylee,Young Female
Aleah,Young Female
Baylie,Young Female
Camryn,Young Female
Jailyn,Young Female
Amari,Unknown
Annamarie,Young Female
Brantley,Young Male
Danesha,Young Female
Harlee,Young Female
Jaleah,Young Female
Jaylin,Unknown
Sydni,Young Female
Ally,Young Female
Alysa,Young Female
Arin,Unknown
Brieanna,Young Female
Cailyn,Young Female
Drew,Young Male
Gillian,Young Female
Harleigh,Young Female
Harlie,Young Female
Harmony,Young Female
Jala,Young Female
Jaliyah,Young Female
Jayda,Young Female
Kaliyah,Young Female
Karina,Young Female
Keasia,Young Female
Kensley,Young Female
Kyleigh,Young Female
Madelynn,Young Female
Maliyah,Young Female
Priya,Young Female
Ryann,Young 